arc_length,p,U:0,U:1,velMag
0,1.129,-0.0016489,3.1805,3.18050042742824
0.068494,1.1256,-0.0017957,3.0965,3.09650052067467
0.13699,1.1222,-0.0019425,3.0126,3.01260062625404
0.20548,1.1188,-0.0020894,2.9286,2.92860074533767
0.27397,1.1154,-0.0022362,2.8447,2.84470087893094
0.34247,1.112,-0.002383,2.7608,2.76080102844971
0.41096,1.1085,-0.0025298,2.6768,2.67680119543608
0.47945,1.1051,-0.0026767,2.5929,2.5929013816038
0.54795,1.1017,-0.0028235,2.5089,2.50890158877391
0.61644,1.0981,-0.0029364,2.439,2.43900176761825
0.68493,1.0937,-0.0029177,2.4234,2.42340175641046
0.75343,1.0894,-0.0028989,2.4078,2.40780174508227
0.82192,1.085,-0.0028801,2.3922,2.39220173375408
0.89041,1.0814,-0.0028533,2.3873,2.3873017051309
0.95891,1.0791,-0.0028134,2.3997,2.39970164920966
1.0274,1.0768,-0.0027734,2.4122,2.41220159434231
1.0959,1.0745,-0.0027335,2.4246,2.42460154087682
1.1644,1.0722,-0.0026935,2.437,2.43700148849816
1.2329,1.0699,-0.0026536,2.4494,2.44940143741139
1.3014,1.0676,-0.0026137,2.4618,2.46180138748594
1.3699,1.0652,-0.0025737,2.4743,2.47430133854624
1.4384,1.0629,-0.0025338,2.4867,2.48670129089572
1.5069,1.0606,-0.0024938,2.4991,2.49910124425531
1.5753,1.0583,-0.0024539,2.5115,2.51150119881023
1.6438,1.056,-0.0024139,2.524,2.52400115430108
1.7123,1.0537,-0.002374,2.5364,2.53640111099881
1.7808,1.0514,-0.0023341,2.5488,2.54880106874248
1.8493,1.0491,-0.0022941,2.5612,2.56120102742733
1.9178,1.0468,-0.0022542,2.5737,2.57370098718123
1.9863,1.0445,-0.0022142,2.5861,2.58610094789079
2.0548,1.0422,-0.0021743,2.5985,2.59850090967475
2.1233,1.0399,-0.0021343,2.6109,2.61090087234971
2.1918,1.0376,-0.0020944,2.6234,2.62340083603542
2.2603,1.0353,-0.0020545,2.6358,2.6358008006999
2.3288,1.033,-0.0020145,2.6482,2.64820076622039
2.3973,1.0306,-0.0019746,2.6606,2.66060073273785
2.4658,1.0283,-0.0019346,2.673,2.67300070008916
2.5343,1.026,-0.0018947,2.6855,2.68550066838347
2.6028,1.0237,-0.0018548,2.6979,2.69790063758528
2.6712,1.0223,-0.0015796,2.71,2.71000046035719
2.7397,1.0196,-0.0016954,2.6857,2.68570053512695
2.8082,1.0169,-0.0018113,2.6613,2.66130061639186
2.8767,1.0142,-0.0019271,2.637,2.63700070415508
2.9452,1.0115,-0.002043,2.6126,2.61260079879208
3.0137,1.0088,-0.0021588,2.5882,2.58820090032003
3.0822,1.0061,-0.0022747,2.5639,2.56390100906024
3.1507,1.0034,-0.0023905,2.5395,2.53950112512089
3.2192,1.0007,-0.0025064,2.5151,2.51510124886474
3.2877,0.99798,-0.0026222,2.4908,2.49080138026556
3.3562,0.99528,-0.0027381,2.4664,2.46640151986484
3.4247,0.99257,-0.002854,2.4421,2.44210166768626
3.4932,0.98987,-0.0029698,2.4177,2.41770182398741
3.5617,0.98716,-0.0030857,2.3933,2.39330198920748
3.6302,0.98446,-0.0032015,2.369,2.36900216327513
3.6986,0.98176,-0.0033174,2.3446,2.34460234691147
3.7671,0.97905,-0.0034332,2.3203,2.3203025399422
3.8356,0.97635,-0.0035491,2.2959,2.29590274317333
3.9041,0.97554,-0.0035431,2.2774,2.27740275611443
3.9726,0.97268,-0.0035137,2.2556,2.25560273676188
4.0411,0.96982,-0.0034842,2.2338,2.23380271726257
4.1096,0.96696,-0.0034547,2.2121,2.21210269765038
4.1781,0.9641,-0.0034253,2.1903,2.19030267832555
4.2466,0.96125,-0.0033958,2.1685,2.16850265885418
4.3151,0.95839,-0.0033663,2.1468,2.14680263926978
4.3836,0.95553,-0.0033369,2.125,2.12500261997523
4.4521,0.95267,-0.0033074,2.1032,2.10320260053442
4.5206,0.94981,-0.0032779,2.0815,2.08150258098048
4.5891,0.94696,-0.0032485,2.0597,2.05970256171911
4.6576,0.9441,-0.003219,2.0379,2.03790254231182
4.726,0.94124,-0.0031896,2.0162,2.01620252294956
4.7945,0.93838,-0.0031601,1.9944,1.99440250356642
4.863,0.93552,-0.0031306,1.9726,1.97260248419603
4.9315,0.93267,-0.0031012,1.9509,1.95090246487144
5,0.92981,-0.0030717,1.9291,1.92910244552768
5.0685,0.92695,-0.0030422,1.9073,1.90730242619802
5.137,0.92377,-0.0030092,1.8865,1.88650240002091
5.2055,0.92057,-0.0029759,1.8656,1.86560237349249
5.274,0.91737,-0.0029427,1.8448,1.84480234699636
5.3425,0.91417,-0.0029095,1.8239,1.82390232062746
5.411,0.91097,-0.0028762,1.8031,1.80310229397182
5.4795,0.90777,-0.002843,1.7823,1.78230226747569
5.548,0.90457,-0.0028097,1.7614,1.76140224094728
5.6165,0.90139,-0.0027708,1.7411,1.74110220473487
5.685,0.89825,-0.0027245,1.7214,1.72140215606355
5.7534,0.89512,-0.0026782,1.7017,1.70170210752506
5.8219,0.89198,-0.0026318,1.682,1.6820020589676
5.8904,0.88884,-0.0025855,1.6623,1.66230201070992
5.9589,0.8857,-0.0025392,1.6426,1.64260196259978
6.0274,0.88257,-0.0024929,1.6229,1.62290191464254
6.0959,0.87943,-0.0024466,1.6032,1.60320186684384
6.1644,0.87629,-0.0024003,1.5835,1.58350181920959
6.2329,0.87315,-0.002354,1.5638,1.56380177174602
6.3014,0.87,-0.0023084,1.544,1.54400172561774
6.3699,0.86659,-0.002277,1.523,1.52300170214252
6.4384,0.86317,-0.0022456,1.502,1.50200167866729
6.5069,0.85976,-0.0022142,1.481,1.48100165519207
6.5754,0.85635,-0.0021828,1.46,1.46000163171684
6.6439,0.85293,-0.0021514,1.439,1.43900160824162
6.7124,0.84952,-0.00212,1.418,1.41800158476639
6.7809,0.8461,-0.0020886,1.397,1.39700156129117
6.8493,0.84269,-0.0020572,1.376,1.37600153781594
6.9178,0.83928,-0.0020258,1.355,1.35500151434072
6.9863,0.83583,-0.0019837,1.3346,1.33460147424828
7.0548,0.83216,-0.0018775,1.3171,1.31710133816888
7.1233,0.8285,-0.0017714,1.2997,1.29970120714646
7.1918,0.82484,-0.0016652,1.2822,1.28220108130162
7.2603,0.82117,-0.0015591,1.2648,1.26480096093923
7.3288,0.81751,-0.001453,1.2473,1.24730084631135
7.3973,0.81385,-0.0013468,1.2298,1.22980073746532
7.4658,0.81019,-0.0012407,1.2124,1.21240063483012
7.5343,0.8064,-0.001157,1.1939,1.1939005606201
7.6028,0.80225,-0.0011361,1.1724,1.17240055046183
7.6713,0.7981,-0.0011153,1.1509,1.15090054040047
7.7398,0.79396,-0.0010945,1.1294,1.1294005303391
7.8083,0.78981,-0.0010736,1.1079,1.10790052018083
7.8767,0.78615,-0.0018953,1.0537,1.0537017045455
7.9452,0.78193,-0.0017499,1.037,1.03700147644543
8.0137,0.77771,-0.0016046,1.0203,1.02030126175613
8.0822,0.7735,-0.0014592,1.0037,1.00370106070714
8.1507,0.76928,-0.0013138,0.98699,0.986990874410924
8.2192,0.76506,-0.0011684,0.97032,0.970320703457656
8.2877,0.76084,-0.0010231,0.95366,0.953660548797952
8.3562,0.75663,-0.0008777,0.93699,0.936990411080759
8.4247,0.75241,-0.00073233,0.92032,0.920320291369928
8.4932,0.74819,-0.00058696,0.90366,0.903660190625902
8.5617,0.74397,-0.00044159,0.88699,0.886990109923289
8.6302,0.73976,-0.00029622,0.87033,0.870330050409779
8.6987,0.73554,-0.00015084,0.85366,0.853660013326562
8.7672,0.73054,-0.00012179,0.83247,0.832470008908912
8.8357,0.72536,-0.00011854,0.81029,0.810290008670804
8.9041,0.72019,-0.0001153,0.7881,0.788100008434266
8.9726,0.71502,-0.00011205,0.76592,0.765920008196158
9.0411,0.70985,-0.00010881,0.74373,0.74373000795962
9.1096,0.70467,-0.00010556,0.72154,0.721540007721619
9.1781,0.69913,-0.0035971,0.64549,0.645500022640131
9.2466,0.69401,-0.0030982,0.63094,0.630947606733903
9.3151,0.68889,-0.0025994,0.6164,0.616405480897404
9.3836,0.68377,-0.0021006,0.60185,0.601853665786261
9.4521,0.67865,-0.0016017,0.5873,0.587302184095113
9.5206,0.67353,-0.0011029,0.57276,0.572761061864727
9.5891,0.66841,-0.00060406,0.55821,0.558210326837908
9.6576,0.66328,-0.00010522,0.54368,0.543680010181769
9.7261,0.65816,0.00039361,0.52913,0.529130146399572
9.7946,0.65304,0.00089243,0.51458,0.514580773864808
9.8631,0.64792,0.0013913,0.50004,0.500041935557099
9.9316,0.64045,0.0013702,0.47747,0.477471966033651
10,0.63277,0.0013034,0.45422,0.454221870071841
10.069,0.62509,0.0012367,0.43095,0.430951774479338
10.137,0.61741,0.0011699,0.40769,0.4076916785587
10.206,0.60973,0.0011032,0.38442,0.384421582966201
10.274,0.60205,0.0010364,0.36115,0.361151487086735
10.343,0.59437,0.00096964,0.33789,0.337891391280881
10.411,0.58669,0.00090286,0.31462,0.31462129545881
10.479,0.57901,0.00083612,0.29136,0.29136119971035
10.548,0.57133,0.00076934,0.26809,0.268091103888278
10.616,0.56365,0.00070257,0.24483,0.244831008053729
10.685,0.55597,0.00063582,0.22157,0.221570912276572
10.753,0.54829,0.00056905,0.1983,0.198300816483197
10.822,0.54061,0.00050231,0.17504,0.175040720734737
10.89,0.53293,0.00043553,0.15177,0.151770624912665
10.959,0.52501,0.00079512,0.13365,0.133652365171045
11.027,0.51302,0.00085682,0.11195,0.11195327882877
11.096,0.49973,0.00066738,0.087196,0.087198553956269
11.164,0.48645,0.00047804,0.062458,0.062459829380504
11.233,0.47317,0.0002886,0.037707,0.037708104420138
11.301,0.45989,9.9167E-05,0.012957,0.012957379484058
11.37,0.44661,-9.0176E-05,-0.011782,0.01178234508538
11.438,0.43333,-0.00027961,-0.036532,0.036533070029113
11.507,0.42005,-0.00046895,-0.061271,0.06127279457559
11.575,0.40677,-0.00065839,-0.086021,0.086023519565245
11.644,0.39349,-0.00084783,-0.11077,0.110773244584191
11.712,0.38021,-0.0010372,-0.13551,0.135513969330988
11.781,0.36693,-0.0012266,-0.16026,0.160264694014496
11.849,0.35365,-0.0014159,-0.185,0.185005418225548
11.918,0.34037,-0.0016054,-0.20975,0.209756143674411
11.986,0.32709,-0.0017948,-0.2345,0.234506868357923
12.055,nan,nan,nan,#VALUE!
12.123,0.28521,-0.0062747,-0.3078,0.307863950244406
12.192,0.26048,-0.0068213,-0.33462,0.334689519605395
12.26,0.23575,-0.0073682,-0.36145,0.36152509300357
12.329,0.21102,-0.0079151,-0.38827,0.388350668478902
12.397,0.18629,-0.0084618,-0.41509,0.415176239878007
12.466,0.16156,-0.0090087,-0.44192,0.442011813276173
12.534,0.13683,-0.0095553,-0.46873,0.468827384714342
12.603,0.1121,-0.010102,-0.49556,0.495662954036309
12.671,0.087374,-0.010649,-0.52239,0.522498529472572
12.74,0.062645,-0.011196,-0.54921,0.549324106986031
12.808,0.037915,-0.011743,-0.57603,0.57614968449961
12.877,0.013186,-0.012289,-0.60285,0.60297524163186
12.945,-0.011543,-0.012836,-0.62968,0.62981081706811
13.014,nan,nan,nan,#VALUE!
13.082,nan,nan,nan,#VALUE!
13.151,nan,nan,nan,#VALUE!
13.219,nan,nan,nan,#VALUE!
13.288,-0.22027,-0.033102,-0.85127,0.851913349645373
13.356,-0.26835,-0.034264,-0.88117,0.881835920450058
13.425,-0.31642,-0.035426,-0.91105,0.911738506358046
13.493,-0.3645,-0.036589,-0.94095,0.94166111601839
13.562,-0.41257,-0.037751,-0.97083,0.971563701926436
13.63,-0.46064,-0.038913,-1.0007,1.00145629538637
13.699,-0.50872,-0.040075,-1.0306,1.03137886619079
13.767,-0.55679,-0.041238,-1.0605,1.06130147585123
13.836,-0.60486,-0.0424,-1.0904,1.09122404665586
13.904,-0.65294,-0.043562,-1.1203,1.12114661746089
13.973,nan,nan,nan,#VALUE!
14.041,nan,nan,nan,#VALUE!
14.11,nan,nan,nan,#VALUE!
14.178,nan,nan,nan,#VALUE!
14.247,nan,nan,nan,#VALUE!
14.315,-1.1925,-0.098853,-1.4883,1.49157929913532
14.384,-1.2826,-0.10113,-1.5226,1.52595479516924
14.452,-1.3726,-0.1034,-1.5568,1.56023004714049
14.521,-1.4626,-0.10567,-1.591,1.59450529911318
14.589,-1.5527,-0.10795,-1.6253,1.62888099396488
14.658,-1.6427,-0.11022,-1.6595,1.66315624593722
14.726,-1.7327,-0.11249,-1.6937,1.69743149791089
14.795,nan,nan,nan,#VALUE!
14.863,nan,nan,nan,#VALUE!
14.932,nan,nan,nan,#VALUE!
15,nan,nan,nan,#VALUE!
15.069,nan,nan,nan,#VALUE!
15.137,nan,nan,nan,#VALUE!
15.206,nan,nan,nan,#VALUE!
15.274,-3.7119,-0.33401,-2.3129,2.33689304207531
15.343,-3.9569,-0.33982,-2.3532,2.37760969723796
15.411,-4.202,-0.34563,-2.3934,2.41822737907336
15.48,-4.447,-0.35145,-2.4337,2.45894546350666
15.548,nan,nan,nan,#VALUE!
15.617,nan,nan,nan,#VALUE!
15.685,nan,nan,nan,#VALUE!
15.753,-5.1363,-0.67111,-1.7908,1.91242078845112
15.822,-5.0002,-0.6095,-1.6264,1.73685555242801
15.89,-4.8641,-0.5479,-1.462,1.5612938256459
15.959,-4.7279,-0.48629,-1.2976,1.38572858962352
16.027,-4.5918,-0.42469,-1.1332,1.21016686291602
16.096,-4.4557,-0.36308,-0.96884,1.03463908296565
16.164,-4.3195,-0.30148,-0.80446,0.859096084265317
16.233,-4.1834,-0.23988,-0.64008,0.683553085575656
16.301,-4.0473,-0.17827,-0.47569,0.507997213575035
16.37,nan,nan,nan,#VALUE!
16.438,-3.6418,-0.05165,-0.10967,0.121223889559773
16.507,-3.3707,0.0016618,0.0035284,0.003900152022678
16.575,-3.0997,0.054975,0.11673,0.129027685110599
16.644,-2.8286,0.10829,0.22994,0.25416358452776
16.712,-2.5575,0.1616,0.34314,0.379288306700853
16.781,-2.2865,0.21492,0.45635,0.50442633644567
16.849,-2.0154,0.26823,0.56955,0.629551058612405
16.918,-0.89378,0.39328,0.85985,0.945521644860656
16.986,-0.84848,0.42756,0.92605,1.01998831174676
17.055,-0.80319,0.46183,0.99224,1.09445290739255
17.123,-0.75789,0.4961,1.0584,1.16889938403611
17.192,-0.71259,0.53038,1.1246,1.24339378492897
17.26,-0.66729,0.56465,1.1908,1.31789007982457
17.329,-0.62199,0.59892,1.257,1.39239152769614
17.397,-0.5767,0.63319,1.3232,1.46689734340887
17.466,-0.5314,0.66747,1.3894,1.54141122381407
17.534,-0.4861,0.70174,1.4556,1.61592400427743
17.603,-0.4408,0.73601,1.5218,1.69043957599791
17.671,-0.3955,0.77029,1.588,1.76496194975982
17.74,-0.3502,0.80456,1.6541,1.83939218319531
17.808,-0.30491,0.83883,1.7203,1.91391427678985
17.877,-0.23098,0.8976,1.8344,2.04223140706434
17.945,-0.21101,0.92466,1.8927,2.1064922040207
18.014,-0.19104,0.95172,1.9509,2.17066390037703
18.082,-0.17106,0.97878,2.0092,2.23492615725889
18.151,-0.15016,0.99519,2.0484,2.27735497806117
18.219,-0.12813,0.99849,2.0642,2.29301197556838
18.288,-0.10609,1.0018,2.08,2.30867997782282
18.356,-0.08405,1.0051,2.0958,2.32435015649536
18.425,-0.062011,1.0084,2.1116,2.34002673489001
18.493,-0.039973,1.0117,2.1274,2.35570958524178
18.562,-0.017935,1.015,2.1432,2.37139858311504
18.63,0.026094,1.0494,2.2377,2.4715464086276
18.699,0.03823,1.0387,2.218,2.44916755041381
18.767,0.050367,1.028,2.1984,2.42688000527426
18.836,0.062503,1.0173,2.1787,2.40450264711853
18.904,0.074639,1.0066,2.1591,2.38221669249462
18.973,0.086776,0.99591,2.1394,2.35984514070309
19.041,0.098912,0.98521,2.1198,2.33756086211675
19.11,0.11161,0.97571,2.1035,2.31877602499681
19.178,0.12803,0.97414,2.11,2.32401564960307
19.247,0.14445,0.97257,2.1165,2.3292626848211
19.315,0.16087,0.97101,2.123,2.33452124001903
19.384,0.17729,0.96944,2.1295,2.33978293087201
19.452,0.19371,0.96787,2.136,2.34505188362646
19.521,0.21013,0.9663,2.1425,2.35032804944331
19.589,0.22655,0.96473,2.149,2.3556113798545
19.658,0.24297,0.96316,2.1555,2.36090182676027
19.726,0.25939,0.9616,2.162,2.36620340630302
19.795,0.27581,0.96003,2.1685,2.37150792764857
19.863,0.28471,0.97059,2.1967,2.4015694531077
19.932,0.29108,0.98523,2.2322,2.43995798998671
20,0.29745,0.99987,2.2676,2.47825538976515
20.069,0.30382,1.0145,2.3031,2.51664059015188
20.137,0.31019,1.0291,2.3386,2.55501404497118
20.206,0.31656,1.0438,2.3741,2.59342808845744
20.274,0.32293,1.0584,2.4096,2.63180218101589
20.343,0.3293,1.0731,2.445,2.67012520492954
20.411,0.33567,1.0877,2.4805,2.70849986893114
20.48,0.34205,1.1023,2.516,2.74687482241183
20.548,0.34842,1.117,2.5515,2.78529015544162
20.617,0.35343,1.1256,2.5763,2.81145817148326
20.685,0.35498,1.1222,2.5776,2.81129055773323
20.754,0.35654,1.1167,2.5745,2.80625535901493
20.822,0.3581,1.1113,2.5714,2.80126500888438
20.891,0.35966,1.1058,2.5683,2.79624007016565
20.959,0.36121,1.1003,2.5652,2.79122036571819
21.027,0.36277,1.0949,2.5621,2.78624521892815
21.096,0.36433,1.0894,2.559,2.78123594108806
21.164,0.36589,1.084,2.5559,2.77627102603474
21.233,0.36745,1.0785,2.5528,2.77127228723559
21.301,0.36901,1.073,2.5497,2.76627892483748
21.37,0.37057,1.0676,2.5466,2.76132962900122
21.438,0.37213,1.0621,2.5435,2.75634697743227
21.507,0.3747,1.0578,2.5403,2.75173852863967
21.575,0.3785,1.0548,2.5371,2.747631607403
21.644,0.38229,1.0519,2.5338,2.74347153256599
21.712,0.38609,1.0489,2.5306,2.73936627160371
21.781,0.38988,1.0459,2.5274,2.73526188325725
21.849,0.39367,1.043,2.5241,2.73110413752387
21.918,0.39747,1.04,2.5209,2.72700143197616
21.986,0.40126,1.037,2.5177,2.72289961070914
22.055,0.40506,1.0341,2.5145,2.71883671080115
22.123,0.40885,1.0311,2.5112,2.71464411111291
22.192,0.41265,1.0282,2.508,2.71058282293679
22.26,0.41182,1.024,2.505,2.70621525381851
22.329,0.41423,1.0207,2.5019,2.70209772214108
22.397,0.41663,1.0174,2.4987,2.69788888763047
22.466,0.41904,1.0141,2.4956,2.69377396416255
22.534,0.42145,1.0108,2.4924,2.68956769760495
22.603,0.42385,1.0075,2.4893,2.68545540644413
22.671,0.42626,1.0041,2.4861,2.68121428088096
22.74,0.42867,1.0008,2.483,2.67710471218442
22.808,0.43107,0.99752,2.4798,2.67291118266208
22.877,0.4319,0.99615,2.4803,2.67286417771274
22.945,0.43243,0.99515,2.4814,2.67351257384363
23.014,0.43297,0.99415,2.4825,2.67416163918713
23.082,0.4335,0.99315,2.4836,2.67481137325607
23.151,0.43403,0.99215,2.4847,2.67546177556324
23.219,0.43456,0.99115,2.4859,2.67620573433733
23.288,0.43509,0.99015,2.487,2.67685749013652
23.356,0.43562,0.98915,2.4881,2.67750991268006
23.425,0.43616,0.98814,2.4892,2.67815931184088
23.493,0.43645,0.98633,2.4898,2.67804983316218
23.562,0.43668,0.98429,2.4904,2.67785715901726
23.63,0.43691,0.98225,2.4909,2.67757313112079
23.699,0.43714,0.98022,2.4914,2.67729438209548
23.767,0.43736,0.97818,2.4919,2.67701358278213
23.836,0.43759,0.97614,2.4924,2.67673440214004
23.904,0.43782,0.9741,2.4929,2.67645684067575
23.973,0.43805,0.97206,2.4935,2.67627406922385
24.041,0.43828,0.97003,2.494,2.67600340076391
24.11,0.43851,0.96799,2.4945,2.67573072077517
24.178,0.43873,0.96595,2.495,2.67545966190859
24.247,0.43896,0.96391,2.4955,2.67519022465693
24.315,0.43919,0.96188,2.496,2.6749260054065
24.384,0.43942,0.95984,2.4966,2.67475314479673
24.452,0.43965,0.9578,2.4971,2.67448859597494
24.521,0.43988,0.95576,2.4976,2.67422567065684
24.589,0.44011,0.95372,2.4981,2.67396436932133
24.658,0.44033,0.95169,2.4986,2.67370825186668
24.726,0.44056,0.94965,2.4991,2.67345019263498
24.795,0.43412,0.90918,2.3789,2.5467181788333
24.863,0.43365,0.90314,2.3668,2.53325957998781
24.932,0.43319,0.89709,2.3547,2.51979811852061
25,0.43272,0.89104,2.3426,2.50633737585346
25.069,0.43225,0.885,2.3306,2.49297440018946
25.137,0.43126,0.88255,2.3345,2.49575334368202
25.206,0.43017,0.88083,2.3418,2.50197696410259
25.274,0.42908,0.87911,2.349,2.50811391130866
25.343,0.42799,0.8774,2.3562,2.51426116384118
25.411,0.42689,0.87568,2.3634,2.52041167716705
25.48,0.4258,0.87396,2.3707,2.52666273404267
25.548,0.42471,0.87224,2.3779,2.53282668724096
25.617,0.42361,0.87053,2.3851,2.5390006874556
25.685,0.42252,0.86881,2.3923,2.5451778142401
25.754,0.42143,0.86709,2.3996,2.55145551168348
25.822,0.42034,0.86537,2.4068,2.55764569025891
25.891,0.41924,0.86365,2.414,2.56384229672966
25.959,0.41815,0.86194,2.4213,2.57014284692505
26.028,0.41706,0.86022,2.4285,2.57635220775421
26.096,0.41597,0.8585,2.4357,2.58256785777257
26.164,0.41487,0.85678,2.4429,2.58878975167934
26.233,0.41378,0.85507,2.4502,2.59511555521137
26.301,0.41269,0.85335,2.4574,2.60134983854537
26.37,0.41159,0.85163,2.4646,2.60759023178489
26.438,0.40959,0.84837,2.4637,2.60567637033074
26.507,0.4075,0.84496,2.4619,2.60286553851712
26.575,0.40541,0.84154,2.4601,2.60005414974381
26.644,0.40331,0.83813,2.4583,2.59724869562004
26.712,0.40122,0.83471,2.4565,2.59444272129874
26.781,0.39912,0.83129,2.4547,2.59163947224532
26.849,0.39703,0.82788,2.4529,2.58884215517285
26.918,0.39494,0.82446,2.4512,2.58613915549802
26.986,0.39284,0.82105,2.4494,2.58334733679
27.055,0.39075,0.81763,2.4476,2.5805550908477
27.123,0.38865,0.81421,2.4458,2.57776561465545
27.192,0.38656,0.8108,2.444,2.57498206595696
27.26,0.38447,0.80738,2.4422,2.57219814641096
27.329,0.38237,0.80397,2.4404,2.56942015266091
27.397,0.43977,0.79365,2.459,2.58390427889657
27.466,0.44197,0.78957,2.4579,2.58160670802119
27.534,0.44417,0.78548,2.4567,2.57921571808176
27.603,0.44637,0.7814,2.4556,2.5769278841287
27.671,0.44857,0.77732,2.4545,2.57464495268765
27.74,0.45077,0.77324,2.4533,2.57227156179125
27.808,0.45297,0.76916,2.4522,2.56999843299563
27.877,0.45517,0.76508,2.451,2.56763478836068
27.945,0.45737,0.761,2.4499,2.56537151500519
28.014,0.46187,0.75736,2.4475,2.56200125284903
28.082,0.46162,0.7528,2.4477,2.56084812708602
28.151,0.46137,0.74825,2.4478,2.55960991217412
28.219,0.46111,0.74369,2.4479,2.55837628704223
28.288,0.46086,0.73913,2.448,2.55715020225641
28.356,0.4632,0.73455,2.449,2.5567879658861
28.425,0.46581,0.72996,2.45,2.55643141930309
28.493,0.46841,0.72537,2.451,2.55608345656006
28.562,0.47101,0.72079,2.452,2.55574690141649
28.63,0.47362,0.7162,2.453,2.55541609919011
28.699,0.47622,0.71162,2.454,2.55509667613576
28.767,0.47882,0.70703,2.455,2.55478304771658
28.836,0.48143,0.70244,2.456,2.55447801979191
28.904,0.48403,0.69786,2.457,2.55418432764748
28.973,0.48663,0.69327,2.458,2.55389649220559
29.041,0.48923,0.68868,2.459,2.55361726623235
29.11,0.49184,0.6841,2.46,2.55334933176015
29.178,0.49444,0.67951,2.4609,2.55299092244763
29.247,0.49704,0.67493,2.4619,2.55274011895062
29.315,0.49965,0.67034,2.4629,2.5524952743541
29.384,0.50225,0.66575,2.4639,2.5522590527805
29.452,0.50485,0.66117,2.4649,2.552034047363
29.521,0.50746,0.65658,2.4659,2.55181506116725
29.589,0.51006,0.65199,2.4669,2.55160470490631
29.658,0.51212,0.64695,2.4652,2.54867717502629
29.726,0.514,0.64175,2.4625,2.54474936143032
29.795,0.51587,0.63655,2.4598,2.54082898725987
29.863,0.51775,0.63135,2.4571,2.53691608700406
29.932,0.51962,0.62615,2.4544,2.53301069529917
30,0.5215,0.62095,2.4517,2.52911284692874
30.069,0.52337,0.61575,2.449,2.52522257682367
30.137,0.52525,0.61055,2.4463,2.52133992006235
30.206,0.51743,0.6073,2.4444,2.51871091036665
30.274,0.515,0.60296,2.4421,2.51543498655799
30.343,0.51256,0.59863,2.4397,2.51206965805091
30.411,0.51013,0.59429,2.4374,2.50880436943577
30.48,0.5077,0.58995,2.4351,2.50554445430529
30.548,0.50527,0.58562,2.4327,2.50219505123002
30.617,0.50283,0.58128,2.4304,2.49894589745356
30.685,0.5004,0.57695,2.428,2.49560720116368
30.754,0.49797,0.57261,2.4257,2.49236889366322
30.822,0.49554,0.56827,2.4234,2.48913606556572
30.891,0.4931,0.56394,2.421,2.48581361401051
30.959,0.49067,0.5596,2.4187,2.48259176064048
31.028,0.48824,0.55527,2.4163,2.47928023081297
31.096,0.48581,0.55093,2.414,2.47606943862647
31.165,0.48338,0.54659,2.4117,2.472864233657
31.233,0.48094,0.54226,2.4093,2.46956927369936
31.302,0.47851,0.53792,2.407,2.46637526066088
31.37,0.47608,0.53359,2.4046,2.46309144127862
31.438,0.47365,0.52925,2.4023,2.45990870816378
31.507,0.47121,0.52491,2.4,2.45673167197804
31.575,0.46878,0.52058,2.3976,2.45346475344562
31.644,0.46635,0.51624,2.3953,2.4502991302288
31.712,0.46392,0.51191,2.3929,2.4470435750309
31.781,0.46148,0.50757,2.3906,2.44388945431253
31.849,0.45905,0.50323,2.3883,2.44074114213286
31.918,0.45662,0.4989,2.3859,2.43750282461375
31.986,0.45419,0.49456,2.3836,2.43436615027403
32.055,0.45175,0.49022,2.3812,2.43113740631829
32.123,0.44932,0.48589,2.3789,2.42801447732504
32.192,0.44689,0.48155,2.3766,2.42489545393198
32.26,0.44446,0.47722,2.3742,2.42168630677055
32.329,0.44203,0.47288,2.3719,2.41857914991426
32.397,0.43959,0.46854,2.3695,2.41537988349659
32.466,0.43716,0.46421,2.3672,2.41228662561065
32.534,0.43473,0.45987,2.3649,2.4091974653191
32.603,0.4323,0.45554,2.3625,2.40601806759633
32.671,0.42986,0.4512,2.3602,2.40294100635034
32.74,0.42743,0.44686,2.3578,2.39977180156781
32.808,0.425,0.44253,2.3555,2.39670879559866
32.877,0.42249,0.43816,2.3532,2.39364459049375
32.945,0.42289,0.43495,2.3502,2.39010910681918
33.014,0.42329,0.43175,2.3473,2.38667663341727
33.082,0.42369,0.42854,2.3443,2.38314687369453
33.151,0.42409,0.42533,2.3414,2.37971838016602
33.219,0.42449,0.42212,2.3384,2.37619440585151
33.288,0.42413,0.41566,2.3406,2.37722140230985
33.356,0.42529,0.41106,2.3362,2.37208784904775
33.425,0.42645,0.40646,2.3317,2.36686176647476
33.493,0.42761,0.40187,2.3273,2.36174189675756
33.562,0.42878,0.39727,2.3229,2.35662637320811
33.63,0.42994,0.39267,2.3185,2.35151695271372
33.699,0.4311,0.38808,2.314,2.34631670632931
33.767,0.43226,0.38348,2.3096,2.34121956902807
33.836,0.43343,0.37888,2.3052,2.33612865536126
33.904,0.43459,0.37428,2.3008,2.33104400610542
33.973,0.43575,0.36969,2.2964,2.32596725172561
34.041,0.43691,0.36509,2.2919,2.32079648355904
34.11,0.43807,0.36049,2.2875,2.31573083282578
34.178,0.43924,0.35589,2.2831,2.31067161277841
34.247,0.4404,0.3513,2.2787,2.30562038939631
34.315,0.44156,0.3467,2.2742,2.30047528350122
34.384,0.44272,0.3421,2.2698,2.29543556868844
34.452,0.44389,0.33751,2.2654,2.2904039294631
34.521,0.45059,0.33066,2.2478,2.27199050957525
34.589,0.44849,0.32739,2.2511,2.27478249995467
34.658,0.44638,0.32412,2.2545,2.2776795262723
34.726,0.44428,0.32084,2.2578,2.28048221777764
34.795,0.44964,0.32712,2.3041,2.32720525618176
34.863,0.44709,0.32328,2.3049,2.32746084143214
34.932,0.44453,0.31943,2.3056,2.32762258214256
35,0.44198,0.31559,2.3063,2.32779224547639
35.069,0.43943,0.31174,2.3071,2.32806620129239
35.137,0.43165,0.30121,2.2776,2.297431005297
35.206,0.42955,0.29794,2.2809,2.3002767341344
35.274,0.42744,0.29467,2.2842,2.30312831794062
35.343,0.42534,0.29139,2.2875,2.30598447134841
35.411,0.42323,0.28812,2.2908,2.30884771572315
35.48,0.42113,0.28485,2.2941,2.31171675005828
35.548,0.41902,0.28158,2.2974,2.31459155282309
35.617,0.41692,0.2783,2.3008,2.31757017800972
35.685,0.41482,0.27503,2.3041,2.32045648761187
35.754,0.41271,0.27176,2.3074,2.32334850110783
35.822,0.41061,0.26849,2.3107,2.32624619722419
35.891,0.4085,0.26522,2.314,2.32914955475169
35.959,0.40626,0.26177,2.3165,2.33124339846786
36.028,0.40371,0.25792,2.3172,2.331509932726
36.096,0.40116,0.25408,2.318,2.33188349760446
36.165,0.39861,0.25024,2.3187,2.33216417681089
36.233,0.39606,0.24639,2.3194,2.33245029788418
36.302,0.3935,0.24255,2.3201,2.33274398777491
36.37,0.39095,0.2387,2.3209,2.33314262315873
36.439,0.3884,0.23486,2.3216,2.3334493308405
36.507,0.38532,0.23174,2.3247,2.33622206084952
36.575,0.38221,0.22866,2.3279,2.33910320541869
36.644,0.37911,0.22558,2.3311,2.34198922849786
36.712,0.376,0.22249,2.3343,2.34487916321929
36.781,0.3729,0.21941,2.3374,2.34767534128976
36.849,0.36979,0.21633,2.3406,2.35057589303132
36.918,0.34651,0.21481,2.4218,2.43130799696377
36.986,0.34459,0.21283,2.4242,2.43352465549458
37.055,0.34267,0.21085,2.4266,2.43574327105711
37.123,0.34075,0.20887,2.429,2.43796383830852
37.192,0.33883,0.20689,2.4314,2.44018635192069
37.26,0.33691,0.20491,2.4338,2.44241080658025
37.329,0.33499,0.20293,2.4361,2.44453754213348
37.397,0.35042,0.19705,2.3634,2.37160035893487
37.466,0.34844,0.19508,2.366,2.37402868693704
37.534,0.34647,0.19311,2.3686,2.3764590112392
37.603,0.3445,0.19115,2.3712,2.37889212922738
37.671,0.34252,0.18918,2.3739,2.38142610265362
37.74,0.34055,0.18721,2.3765,2.3838623773406
37.808,0.33858,0.18524,2.3791,2.38630062389465
37.877,0.3366,0.18328,2.3817,2.38874160352266
37.945,0.33463,0.18131,2.3843,2.39118376669381
38.014,0.33266,0.17934,2.3869,2.39362788369454
38.082,0.33068,0.17737,2.3896,2.39617367419392
38.151,0.32871,0.17541,2.3922,2.39862241882711
38.219,0.32674,0.17344,2.3948,2.40107235909291
38.288,0.32476,0.17147,2.3974,2.40352422931411
38.356,0.32279,0.1695,2.4,2.40597802359041
38.425,0.32082,0.16754,2.4026,2.40843443165887
38.493,0.31884,0.16557,2.4053,2.41099181145437
38.562,0.31687,0.1636,2.4079,2.41345133988651
38.63,0.3149,0.16163,2.4105,2.41591276889295
38.699,0.31292,0.15967,2.4131,2.41837675288612
38.767,0.31095,0.1577,2.4157,2.42084195684064
38.836,0.30898,0.15573,2.4183,2.42330904403462
38.904,0.307,0.15376,2.421,2.42587780763995
38.973,0.3043,0.15127,2.4169,2.42162924967882
39.041,0.30105,0.14839,2.408,2.41256784196839
39.11,0.29779,0.14551,2.399,2.40340886244933
39.178,0.29454,0.14263,2.39,2.39425214146297
39.247,0.29129,0.13975,2.3811,2.38519753322445
39.315,0.28804,0.13687,2.3721,2.37604541347593
39.384,0.28479,0.13399,2.3631,2.36689563143371
39.452,0.28153,0.13111,2.3542,2.35784805958739
39.521,0.27723,0.12938,2.3538,2.35735309709852
39.589,0.2727,0.1279,2.3553,2.35877012445045
39.658,0.26817,0.12641,2.3567,2.36008779033747
39.726,0.26364,0.12493,2.3582,2.36150688012972
39.795,0.25966,0.1235,2.3615,2.36472715127983
39.863,0.25712,0.12223,2.3696,2.37275037306919
39.932,0.25457,0.12095,2.3777,2.38077428424032
40,0.25203,0.11967,2.3858,2.38879939486345
40.069,0.24949,0.1184,2.3939,2.39682618685628
40.137,0.24694,0.11712,2.402,2.40485365342675
40.206,0.2444,0.11585,2.41,2.41278287927032
40.274,0.24185,0.11457,2.4181,2.4208126517556
40.343,0.23931,0.11329,2.4262,2.42884356517665
40.411,0.23676,0.11202,2.4343,2.43687606791975
40.48,0.23422,0.11074,2.4424,2.4449092227729
40.548,0.23167,0.10947,2.4505,2.45294393146276
40.617,0.22913,0.10819,2.4586,2.46097928396401
40.685,0.22659,0.10691,2.4666,2.46891581632505
40.754,0.22386,0.10518,2.4649,2.4671430526826
40.822,0.22114,0.10344,2.463,2.46517115705989
40.891,0.21842,0.10169,2.4611,2.46319996470039
40.959,0.21569,0.099952,2.4591,2.46113047445762
41.028,0.21297,0.098209,2.4572,2.45916181811629
41.096,0.21024,0.096467,2.4553,2.45719432932949
41.165,0.20752,0.094725,2.4534,2.45522797019442
41.233,0.2048,0.092982,2.4515,2.45326270552585
41.302,0.20207,0.09124,2.4496,2.45129861453067
41.37,0.19946,0.089506,2.4479,2.44953582011695
41.439,0.2004,0.088036,2.4525,2.4540795804733
41.507,0.20134,0.086567,2.4572,2.45872440210142
41.576,0.20229,0.085097,2.4619,2.46337027452411
41.644,0.20323,0.083627,2.4666,2.46801722747816
41.713,0.20336,0.082415,2.4691,2.47047506407675
41.781,0.20291,0.081387,2.4701,2.47144044107257
41.849,0.20247,0.080358,2.4711,2.47240624052036
41.918,0.20202,0.07933,2.4721,2.47337252731973
41.986,0.20157,0.078302,2.473,2.47423931809435
42.055,0.20112,0.077274,2.474,2.4752065107938
42.123,0.20068,0.076245,2.475,2.4761741255463
42.192,0.20023,0.075217,2.476,2.47714222383153
42.26,0.19978,0.074189,2.477,2.47811077390035
42.329,0.19934,0.073161,2.478,2.47907977522326
42.397,0.19889,0.072133,2.4789,2.47994926957972
42.466,0.19844,0.071104,2.4799,2.4809191419343
42.534,0.19799,0.070076,2.4809,2.4818894930629
42.603,0.19755,0.069048,2.4819,2.482860293352
42.671,0.1971,0.06802,2.4829,2.48383154227496
42.74,0.19665,0.066991,2.4839,2.48480321234519
42.808,0.19621,0.065963,2.4849,2.48577535738228
42.877,0.19576,0.064935,2.4858,2.48664798357649
42.945,0.19531,0.063907,2.4868,2.48762102110611
43.014,0.19486,0.062879,2.4878,2.48859450466343
43.082,0.19442,0.06185,2.4888,2.48956840888135
43.151,0.19397,0.060822,2.4898,2.49054278334744
43.219,0.19352,0.059794,2.4908,2.49151760227296
43.288,0.19298,0.058776,2.4919,2.49259307312205
43.356,0.19105,0.057909,2.4949,2.49557197096798
43.425,0.18911,0.057041,2.4979,2.49855119733036
43.493,0.18718,0.056174,2.5009,2.50153079698732
43.562,0.18524,0.055307,2.5039,2.50451074548483
43.63,0.18331,0.05444,2.5069,2.50749104157921
43.699,0.18137,0.053573,2.5099,2.5104716840325
43.767,0.17944,0.052706,2.5129,2.5134526716125
43.836,0.1775,0.051839,2.5159,2.51643400309267
43.904,0.17557,0.050972,2.5189,2.51941567725217
43.973,0.17364,0.050104,2.5219,2.52239767301193
44.041,0.1717,0.049237,2.5249,2.52538002925679
44.11,0.16977,0.04837,2.5279,2.52836272455121
44.178,0.16783,0.047503,2.5309,2.53134575769668
44.247,0.1659,0.046636,2.5339,2.53432912750021
44.315,0.16396,0.045769,2.5369,2.53731283277427
44.384,0.16203,0.044902,2.5399,2.54029687233677
44.452,0.15726,0.03784,2.4859,2.48618798074482
44.521,0.15506,0.037336,2.4859,2.4861803608942
44.589,0.15286,0.036831,2.486,2.48627281740379
44.658,0.15066,0.036327,2.4861,2.48636539167698
44.726,0.14845,0.035823,2.4862,2.48645806868505
44.795,0.14625,0.035319,2.4862,2.48645085850515
44.863,0.14405,0.034814,2.4863,2.48654372666076
44.932,0.14185,0.03431,2.4864,2.4866367117253
45,0.13964,0.033806,2.4865,2.48672979948285
45.069,0.13744,0.033302,2.4865,2.4867229988891
45.137,0.13524,0.032797,2.4866,2.48681627853949
45.206,0.13304,0.032293,2.4867,2.48690967424412
45.274,0.13083,0.031789,2.4868,2.48700317259971
45.343,0.12863,0.031285,2.4869,2.48709677359467
45.411,0.12643,0.03078,2.4869,2.48709047249995
45.48,0.12423,0.030276,2.487,2.48718427869267
45.548,0.12202,0.029772,2.4871,2.48727818749411
45.617,0.12035,0.0291,2.4889,2.48907011150751
45.685,0.11891,0.028353,2.4916,2.4917613153368
45.754,0.11747,0.027606,2.4942,2.49435276800135
45.822,0.11603,0.026859,2.4968,2.4969444619136
45.891,0.11459,0.026113,2.4995,2.499636401313
45.959,0.11314,0.025366,2.5021,2.50222857548146
46.028,0.1117,0.024619,2.5047,2.5048209886459
46.096,0.11026,0.023872,2.5074,2.50751363553302
46.165,0.10882,0.023126,2.51,2.51010653396942
46.233,0.10738,0.022379,2.5126,2.51269965965712
46.302,0.10594,0.021632,2.5153,2.5153930176861
46.37,0.1045,0.020886,2.5179,2.51798662327583
46.439,0.10306,0.020139,2.5205,2.52058045483992
46.507,0.10161,0.019392,2.5232,2.52327451730167
46.576,0.10017,0.018645,2.5258,2.52586881607597
46.644,0.098733,0.017899,2.5284,2.52846335433223
46.713,0.097292,0.017152,2.5311,2.53115811459972
46.781,0.09585,0.016405,2.5337,2.53375310834047
46.85,0.094409,0.015658,2.5363,2.53634833234002
46.918,0.092968,0.014912,2.539,2.53904379004065
46.987,0.091527,0.014165,2.5416,2.54163947231408
47.055,0.090086,0.013418,2.5443,2.54433538133714
47.123,0.088645,0.012671,2.5469,2.54693151934656
47.192,0.087204,0.011925,2.5495,2.54952788877176
47.26,0.085763,0.011178,2.5522,2.55222447830985
47.329,0.084321,0.010431,2.5548,2.55482129429066
47.397,0.08287,0.010005,2.5535,2.55351960047794
47.466,0.078458,0.009479,2.5785,2.57851742314086
47.534,0.078027,0.0090885,2.5681,2.56811608203996
47.603,0.077595,0.0086981,2.5577,2.55771478999196
47.671,0.077164,0.0083076,2.5473,2.54731354689951
47.74,0.076732,0.0079171,2.5369,2.53691235372301
47.808,0.0763,0.0075266,2.5265,2.52651121107894
47.877,0.075869,0.0071362,2.5161,2.51611011987759
47.945,0.075437,0.0067457,2.5057,2.50570908017441
48.014,0.075005,0.0063553,2.4953,2.49530809316968
48.082,0.074574,0.0059648,2.4849,2.48490715899791
48.151,0.074142,0.0055743,2.4744,2.47440627885165
48.219,0.07371,0.0051838,2.464,2.4640054528719
48.288,0.073279,0.0047934,2.4536,2.4536046822346
48.356,0.072847,0.0044029,2.4432,2.44320396723819
48.425,0.072416,0.0040125,2.4328,2.43280330897429
48.493,0.071984,0.003622,2.4224,2.42240270782626
48.562,0.071552,0.0032315,2.412,2.4120021647155
48.63,0.071121,0.002841,2.4016,2.40160168039602
48.699,0.070689,0.0024506,2.3912,2.39120125573745
48.767,0.070257,0.0020601,2.3808,2.3808008912994
48.836,0.069644,0.0017314,2.3756,2.37560063094493
48.904,0.068863,0.0014602,2.3754,2.37540044880522
48.973,0.068081,0.001189,2.3752,2.37520029760039
49.041,0.067299,0.00091774,2.375,2.37500017731509
49.11,0.066517,0.0006465,2.3748,2.37480008799946
49.178,0.065736,0.00037527,2.3746,2.3746000296529
49.247,0.064954,0.00010405,2.3744,2.37440000227982
49.315,0.064172,-0.00016718,2.3741,2.37410000588626
49.384,0.063391,-0.00043841,2.3739,2.37390004048261
49.452,0.062609,-0.00070964,2.3737,2.37370010607678
49.521,0.061827,-0.00098088,2.3735,2.37350020268075
49.589,0.061045,-0.0012521,2.3733,2.37330033028995
49.658,0.060264,-0.0015233,2.3731,2.37310048890537
49.726,0.059482,-0.0017946,2.3729,2.37290067861872
49.795,0.0587,-0.0020658,2.3726,2.37260089933592
49.863,0.057919,-0.002337,2.3724,2.37240115106383
49.932,0.057195,-0.0027202,2.3768,2.3768015566067
50,0.056516,-0.0031889,2.3847,2.38470213215051
50.069,0.055838,-0.0036576,2.3925,2.39250279582653
50.137,0.055159,-0.0041264,2.4004,2.40040354673479
50.206,0.057623,-0.0082216,2.5061,2.5061134859991
50.274,0.056647,-0.0083473,2.5047,2.50471390929529
50.343,0.055671,-0.008473,2.5034,2.50341433880391
50.411,0.054695,-0.0085988,2.502,2.50201477600782
50.48,0.053719,-0.0087245,2.5006,2.500615219681
50.548,0.052743,-0.0088502,2.4992,2.49921567017335
50.617,0.051767,-0.0089759,2.4978,2.49781612749634
50.685,0.050791,-0.0091017,2.4964,2.49641659202604
50.754,0.049815,-0.0092274,2.495,2.49501706305002
50.822,0.048839,-0.0093531,2.4936,2.49361754093919
50.891,0.047863,-0.0094789,2.4923,2.49231802536217
50.959,0.046887,-0.0096046,2.4909,2.49091851700154
51.028,0.045911,-0.0097303,2.4895,2.48951901554057
51.096,0.036311,-0.012718,2.5727,2.57273143517235
51.165,0.036231,-0.012547,2.5626,2.56263071612142
51.233,0.036151,-0.012375,2.5524,2.55242999916256
51.302,0.03607,-0.012204,2.5422,2.54222929288764
51.37,0.03599,-0.012032,2.532,2.53202858771855
51.439,0.03591,-0.01186,2.5218,2.52182788857606
51.507,0.035829,-0.011689,2.5117,2.51172719910443
51.576,0.035749,-0.011517,2.5015,2.50152651220989
51.644,0.035669,-0.011346,2.4913,2.49132583611939
51.713,0.035588,-0.011174,2.4811,2.48112516175142
51.781,0.035508,-0.011003,2.4709,2.4709244982413
51.85,0.035428,-0.010831,2.4608,2.46082383574302
51.918,0.035347,-0.01066,2.4506,2.45062318515108
51.987,0.035267,-0.010488,2.4404,2.44042253680464
52.055,0.035187,-0.010317,2.4302,2.43022189943408
52.124,0.035106,-0.010145,2.42,2.42002126458116
52.192,0.035026,-0.0099734,2.4099,2.40992063742928
52.26,0.034946,-0.0098019,2.3997,2.39972001851124
52.329,0.034865,-0.0096303,2.3895,2.389519406215
52.397,0.034785,-0.0094588,2.3793,2.37931880144243
52.466,0.034705,-0.0092872,2.3691,2.36911820348497
52.534,0.034624,-0.0091157,2.359,2.35901761247908
52.603,0.034544,-0.0089441,2.3488,2.34881702925639
52.671,0.033896,-0.0090211,2.3477,2.34771733184496
52.74,0.033217,-0.0091118,2.3471,2.34711768663168
52.808,0.032538,-0.0092025,2.3465,2.34651804510561
52.877,0.031859,-0.0092933,2.3459,2.34591840766572
52.945,0.03118,-0.009384,2.3453,2.34531877352653
53.014,0.030501,-0.0094747,2.3447,2.34471914308305
53.082,0.029822,-0.0095654,2.3441,2.3441195163381
53.151,0.029143,-0.0096561,2.3435,2.34351989329453
53.219,0.028464,-0.0097468,2.3429,2.34292027395519
53.288,0.027785,-0.0098375,2.3423,2.34232065832291
53.356,0.027106,-0.0099283,2.3418,2.34182104592577
53.425,0.026427,-0.010019,2.3412,2.34122143770319
53.493,0.025748,-0.01011,2.3406,2.34062183449185
53.562,0.025069,-0.0102,2.34,2.34002223066363
53.63,0.02439,-0.010291,2.3394,2.33942263489969
53.699,0.023711,-0.010382,2.3388,2.33882304288375
53.767,0.023032,-0.010473,2.3382,2.3382234546187
53.836,0.022353,-0.010563,2.3376,2.33762386558852
53.904,0.021674,-0.010654,2.337,2.33702428479381
53.973,0.020995,-0.010745,2.3364,2.33642470775863
54.041,0.020316,-0.010835,2.3358,2.33582512984705
54.11,0.020075,-0.011107,2.3414,2.34142634422888
54.178,0.020122,-0.011499,2.351,2.35102812126971
54.247,0.020169,-0.01189,2.3606,2.36062994391328
54.315,0.020216,-0.012282,2.3702,2.37023182147317
54.384,0.020263,-0.012674,2.3798,2.37983374845303
54.452,0.02031,-0.013065,2.3894,2.38943571878906
54.521,0.020358,-0.013457,2.399,2.39903774268956
54.589,0.020405,-0.013848,2.4086,2.40863980850272
54.658,0.020452,-0.01424,2.4182,2.41824192702054
54.726,0.020203,-0.014359,2.4217,2.42174256907728
54.795,0.019798,-0.014334,2.4219,2.42194241747321
54.863,0.019393,-0.014309,2.422,2.42204226789728
54.932,0.018987,-0.014284,2.4222,2.4222421168529
55,0.018582,-0.014259,2.4224,2.42244196609145
55.069,0.018177,-0.014234,2.4226,2.42264181561287
55.137,0.017772,-0.014209,2.4228,2.42284166541708
55.206,0.017366,-0.014184,2.4229,2.42294151721745
55.274,0.016961,-0.014159,2.4231,2.42314136758073
55.343,0.016556,-0.014134,2.4233,2.4233412182266
55.411,0.016151,-0.014109,2.4235,2.42354106915501
55.48,0.015746,-0.014084,2.4236,2.42364092205426
55.548,0.01534,-0.014059,2.4238,2.42384077354124
55.617,0.014935,-0.014034,2.424,2.42404062531056
55.685,0.01453,-0.014009,2.4242,2.42424047736214
55.754,0.014125,-0.013984,2.4243,2.42434033135944
55.822,0.01372,-0.013959,2.4245,2.42454018396912
55.891,0.013314,-0.013934,2.4247,2.42474003686086
55.959,0.012909,-0.013909,2.4249,2.4249398900346
56.028,0.012626,-0.013866,2.426,2.42603962580086
56.096,0.012488,-0.013803,2.4282,2.42823923096737
56.165,0.01235,-0.013739,2.4304,2.43043883282855
56.233,0.012212,-0.013676,2.4326,2.43263844271523
56.302,0.011556,-0.013463,2.451,2.45103697490858
56.37,0.011524,-0.01343,2.4499,2.4499368103892
56.439,0.011492,-0.013397,2.4488,2.44883664616671
56.507,0.01146,-0.013364,2.4477,2.4477364822415
56.576,0.011428,-0.013331,2.4466,2.44663631861399
56.644,0.011396,-0.013298,2.4455,2.44553615528456
56.713,0.011364,-0.013266,2.4444,2.44443599768045
56.781,0.011332,-0.013233,2.4433,2.44333583493735
56.85,0.0113,-0.0132,2.4422,2.44223567249355
56.918,0.011267,-0.013167,2.4411,2.44113551034944
56.987,0.011235,-0.013134,2.44,2.44003534850543
57.055,0.011203,-0.013101,2.4389,2.43893518696192
57.124,0.011171,-0.013068,2.4378,2.43783502571934
57.192,0.011139,-0.013035,2.4367,2.43673486477807
57.261,0.011107,-0.013002,2.4356,2.43563470413853
57.329,0.011075,-0.01297,2.4345,2.43453454912844
57.398,0.011043,-0.012937,2.4334,2.43343438908243
57.466,0.011011,-0.012904,2.4323,2.43233422933938
57.534,0.010979,-0.012871,2.4312,2.43123406989969
57.603,0.010946,-0.012838,2.4301,2.43013391076377
57.671,0.010914,-0.012805,2.429,2.42903375193203
57.74,0.010882,-0.012772,2.4279,2.42793359340489
57.808,0.01085,-0.012739,2.4268,2.42683343518277
57.877,0.010818,-0.012706,2.4257,2.42573327726607
57.945,0.010786,-0.012674,2.4246,2.4246331248822
58.014,0.010714,-0.012637,2.4234,2.42343294806541
58.082,0.010474,-0.012588,2.4215,2.42153271870194
58.151,0.010234,-0.012539,2.4197,2.41973248862782
58.219,0.0099938,-0.012489,2.4179,2.41793225403877
58.288,0.0097538,-0.01244,2.4161,2.41613202528339
58.356,0.0095139,-0.01239,2.4143,2.4143317920493
58.425,0.009274,-0.012341,2.4125,2.41253156461859
58.493,0.009034,-0.012292,2.4106,2.41063133914417
58.562,0.008903,-0.012356,2.4087,2.40873169131309
58.63,0.0087758,-0.012424,2.4068,2.40683206638436
58.699,0.0086486,-0.012493,2.4048,2.4048324505148
58.767,0.0085214,-0.012561,2.4029,2.40293283067193
58.836,0.0083942,-0.012629,2.401,2.40103321335649
58.904,0.008267,-0.012698,2.399,2.39903360526775
58.973,0.0081398,-0.012766,2.3971,2.39713399307506
59.041,0.0080126,-0.012834,2.3952,2.39523438342806
59.11,0.0078854,-0.012903,2.3932,2.39323478317715
59.178,0.0077582,-0.012971,2.3913,2.39133517869014
59.247,0.007631,-0.013039,2.3893,2.38933557825622
59.315,0.0075038,-0.013108,2.3874,2.38743598441173
59.384,0.0073766,-0.013176,2.3855,2.38553638768643
59.452,0.0072494,-0.013245,2.3835,2.38353680064416
59.521,0.0071222,-0.013313,2.3816,2.38163720914185
59.589,0.0069949,-0.013381,2.3797,2.37973762023484
59.658,0.0068677,-0.01345,2.3777,2.37773804118536
59.726,0.009518,-0.013693,2.3995,2.39953906995677
59.795,0.0088791,-0.013729,2.3932,2.39323937905112
59.863,0.0082403,-0.013765,2.3869,2.38693969032001
59.932,0.0076014,-0.013801,2.3806,2.38064000378071
60,0.0069625,-0.013837,2.3743,2.37434031945065
60.069,0.0063237,-0.013874,2.368,2.36804064320611
60.137,0.0056848,-0.01391,2.3617,2.3617409633785
60.206,0.0050459,-0.013946,2.3554,2.35544128581376
60.274,0.0044071,-0.013982,2.3491,2.34914161053011
60.343,0.003935,-0.014038,2.3451,2.3451420160502
60.411,0.0036913,-0.014121,2.3444,2.34444252705009
60.48,0.0034477,-0.014204,2.3437,2.34374304129442
60.548,0.003204,-0.014287,2.3429,2.34294356064524
60.617,0.0029603,-0.01437,2.3422,2.34224408140996
60.685,0.0027167,-0.014454,2.3414,2.34144461350594
60.754,0.002473,-0.014537,2.3407,2.34074514084063
60.822,0.0022294,-0.01462,2.34,2.34004567143464
60.891,0.0019857,-0.014703,2.3392,2.33924620726614
60.959,0.0017421,-0.014786,2.3385,2.33854674441115
61.028,0.0014984,-0.014869,2.3378,2.33784728482444
61.096,0.0012547,-0.014952,2.337,2.33704783055546
61.165,0.0010111,-0.015036,2.3363,2.33634838397359
61.233,0.0007674,-0.015119,2.3356,2.33564893427094
61.302,0.00052376,-0.015202,2.3348,2.33484948996804
61.37,0.00028009,-0.015285,2.3341,2.33415004685324
61.439,3.6423E-05,-0.015368,2.3333,2.33335060919357
61.507,-0.00020722,-0.015451,2.3326,2.33265117267906
61.576,-0.00045089,-0.015535,2.3319,2.33195174611847
61.644,-0.00069454,-0.015618,2.3311,2.33115231847342
61.713,-0.00093821,-0.015701,2.3304,2.33045289190771
61.781,-0.0011819,-0.015784,2.3297,2.32975346864341
61.85,-0.0014255,-0.015867,2.3289,2.32895405100423
61.918,-0.0016692,-0.01595,2.3282,2.32825463437743
61.987,-0.0019128,-0.016033,2.3275,2.32755522106115
62.055,-0.0021565,-0.016117,2.3267,2.32675582038361
62.124,-0.0024002,-0.0162,2.326,2.32605641376128
62.192,-0.0024114,-0.016293,2.3287,2.32875699716587
62.261,-0.0026125,-0.016285,2.3274,2.32745697301261
62.329,-0.0028136,-0.016276,2.3261,2.32615694186269
62.398,-0.0030146,-0.016268,2.3249,2.32495691526187
62.466,-0.0032157,-0.016259,2.3236,2.32365688411198
62.535,-0.0034167,-0.016251,2.3224,2.32245685751124
62.603,-0.003619,-0.01624,2.3206,2.32065682460807
62.672,-0.0038429,-0.016189,2.3107,2.31075671019712
62.74,-0.0040667,-0.016137,2.3008,2.30085658891835
62.808,-0.0042905,-0.016086,2.2909,2.29095647479301
62.877,-0.0045144,-0.016035,2.281,2.28105636081729
62.945,-0.0047382,-0.015984,2.2712,2.27125624451668
63.014,-0.004962,-0.015933,2.2613,2.2613561308403
63.082,-0.0051859,-0.015882,2.2514,2.25145601731946
63.151,-0.0054097,-0.01583,2.2415,2.24155589689394
63.219,-0.0056335,-0.015779,2.2316,2.23165578368193
63.288,-0.0058574,-0.015728,2.2217,2.22175567063167
63.356,-0.0060812,-0.015677,2.2118,2.21185555774535
63.425,-0.006305,-0.015626,2.2019,2.20195544502517
63.493,-0.0065289,-0.015575,2.192,2.19205533247338
63.562,-0.0067527,-0.015523,2.1821,2.18215521297844
63.63,-0.0069765,-0.015472,2.1722,2.17225510076142
63.699,-0.0072004,-0.015421,2.1623,2.16235498871971
63.767,-0.0074242,-0.01537,2.1524,2.15245487685573
63.836,-0.007648,-0.015319,2.1425,2.14255476517194
63.904,-0.0078718,-0.015268,2.1326,2.13265465367087
63.973,-0.0080957,-0.015216,2.1228,2.12285453261781
64.041,-0.0086312,-0.015141,2.1118,2.11185427761505
64.11,-0.0092209,-0.015062,2.1008,2.1008539939377
64.178,-0.0097049,-0.014908,2.0901,2.09015316626892
64.247,-0.010025,-0.01464,2.0802,2.08025151594705
64.315,-0.010346,-0.014371,2.0704,2.07044987518196
64.384,-0.010667,-0.014103,2.0605,2.06054826311082
64.452,-0.010987,-0.013834,2.0506,2.05064666375171
64.521,-0.011308,-0.013566,2.0407,2.04074509097927
64.589,-0.011628,-0.013298,2.0308,2.03084353823824
64.658,-0.011949,-0.013029,2.0209,2.02094199937579
64.726,-0.012269,-0.012761,2.011,2.01104048768815
64.795,-0.01259,-0.012492,2.0012,2.00123898874272
64.863,-0.012911,-0.012224,1.9913,1.99133751940147
64.932,-0.013231,-0.011956,1.9814,1.98143607162482
65,-0.013678,-0.013821,2.3868,2.38684001559405
65.069,-0.013943,-0.013547,2.3792,2.37923856752722
65.137,-0.014209,-0.013274,2.3717,2.37173714586503
65.206,-0.014474,-0.013,2.3642,2.36423574120687
65.274,-0.01474,-0.012726,2.3566,2.35663436092152
65.343,-0.015005,-0.012453,2.3491,2.34913300756024
65.411,-0.015271,-0.012179,2.3415,2.34153167350796
65.48,-0.015796,-0.0098085,1.9023,1.90232528676676
65.548,-0.016116,-0.0095401,1.8924,1.89242404695882
65.617,-0.016437,-0.0092717,1.8825,1.88252283237704
65.685,-0.018588,-0.0093343,1.9523,1.95232231436218
65.754,-0.018315,-0.0091981,1.929,1.929021929643
65.822,-0.018041,-0.009062,1.9056,1.90562154685656
65.891,-0.017767,-0.0089258,1.8823,1.88232116279493
65.959,-0.017493,-0.0087896,1.859,1.85902077908456
66.028,-0.01722,-0.0086534,1.8356,1.83562039684995
66.096,-0.016946,-0.0085173,1.8123,1.81232001434606
66.165,-0.016672,-0.0083811,1.7889,1.78891963286147
66.233,-0.016398,-0.0082449,1.7656,1.76561925068119
66.302,-0.016125,-0.0081087,1.7423,1.74231886892603
66.37,-0.015851,-0.0079725,1.7189,1.71891848868882
66.439,-0.015577,-0.0078364,1.6956,1.69561810829118
66.507,-0.015303,-0.0077002,1.6723,1.67231772790939
66.576,-0.01503,-0.007564,1.6489,1.64891734907969
66.644,-0.014756,-0.0074278,1.6256,1.62561696971114
66.713,-0.014482,-0.0072917,1.6022,1.60221659237723
66.781,-0.014208,-0.0071555,1.5789,1.57891621411025
66.85,-0.013934,-0.0070193,1.5556,1.55561583643665
66.918,-0.013661,-0.0068831,1.5322,1.53221546039244
66.987,-0.013387,-0.006747,1.5089,1.50891508442622
67.055,-0.016245,-0.0030398,0.87165,0.871655300496727
67.124,-0.015685,-0.0032308,0.90456,0.904565769675506
67.192,-0.015124,-0.0034218,0.93746,0.937466244893778
67.261,-0.014563,-0.0036128,0.97037,0.970376725413301
67.329,-0.014002,-0.0038037,1.0033,1.00330721024704
67.398,-0.013442,-0.0039947,1.0362,1.03620770004285
67.466,-0.012881,-0.0041857,1.0691,1.06910819381599
67.535,-0.01232,-0.0043767,1.102,1.10200869121023
67.603,-0.01176,-0.0045677,1.1349,1.13490919191065
67.672,-0.011199,-0.0047587,1.1678,1.16780969563782
67.74,-0.010638,-0.0049496,1.2007,1.20071020173069
67.809,-0.010077,-0.0051406,1.2336,1.23361071078698
67.877,-0.0095167,-0.0053316,1.2665,1.26651122220001
67.945,-0.008956,-0.0055226,1.2994,1.29941173579076
68.014,-0.0083953,-0.0057136,1.3323,1.33231225139791
68.082,-0.0078346,-0.0059046,1.3652,1.36521276887567
68.151,-0.0072738,-0.0060955,1.3981,1.39811328765599
68.219,-0.0067131,-0.0062865,1.431,1.43101380848762
68.288,-0.0061524,-0.0064775,1.4639,1.46391433082891
68.356,-0.0055917,-0.0066685,1.4968,1.4968148545803
68.425,-0.005031,-0.0068595,1.5297,1.52971537965082
68.493,-0.0044702,-0.0070505,1.5627,1.5627159049393
